millis,stamp,datetime,motion
999, 1808355704, 2123/119/19 7:30:0, Inactive
1999, 1808355704, 2123/119/19 7:30:0, Inactive
2999, 1808355704, 2123/119/19 7:30:0, Inactive
3999, 1808355704, 2123/119/19 7:30:0, Inactive
4999, 1808355704, 2123/119/19 7:30:0, Inactive
5999, 1808355704, 2123/119/19 7:30:0, Inactive
6999, 1808355704, 2123/119/19 7:30:0, Inactive
7999, 1808355704, 2123/119/19 7:30:0, Inactive
8999, 1808355704, 2123/119/19 7:30:0, Inactive
9999, 1808355704, 2123/119/19 7:30:0, Inactive
10999, 1808355704, 2123/119/19 7:30:0, Inactive
11999, 1808355704, 2123/119/19 7:30:0, Inactive
12999, 1808355704, 2123/119/19 7:30:0, Active
13999, 1808355704, 2123/119/19 7:30:0, Active
14999, 1808355704, 2123/119/19 7:30:0, Active
16000, 1808355704, 2123/119/19 7:30:0, Active
16999, 1808355704, 2123/119/19 7:30:0, Active
17999, 1808355704, 2123/119/19 7:30:0, Active
18999, 1808355704, 2123/119/19 7:30:0, Active
19999, 1808355704, 2123/119/19 7:30:0, Active
20999, 1808355704, 2123/119/19 7:30:0, Active
21999, 1808355704, 2123/119/19 7:30:0, Active
23000, 1808355704, 2123/119/19 7:30:0, Active
23999, 1808355704, 2123/119/19 7:30:0, Active
24999, 1808355704, 2123/119/19 7:30:0, Active
25999, 1808355704, 2123/119/19 7:30:0, Active
26999, 1808355704, 2123/119/19 7:30:0, Active
27999, 1808355704, 2123/119/19 7:30:0, Active
28999, 1808355704, 2123/119/19 7:30:0, Active
29999, 1808355704, 2123/119/19 7:30:0, Active
30999, 1808355704, 2123/119/19 7:30:0, Active
32000, 1808355704, 2123/119/19 7:30:0, Active
32999, 1808355704, 2123/119/19 7:30:0, Active
33999, 1808355704, 2123/119/19 7:30:0, Active
34999, 1808355704, 2123/119/19 7:30:0, Active
35999, 1808355704, 2123/119/19 7:30:0, Active
36999, 1808355704, 2123/119/19 7:30:0, Active
37999, 1808355704, 2123/119/19 7:30:0, Active
39000, 1808355704, 2123/119/19 7:30:0, Active
39999, 1808355704, 2123/119/19 7:30:0, Active
40999, 1808355704, 2123/119/19 7:30:0, Active
41999, 1808355704, 2123/119/19 7:30:0, Active
42999, 1808355704, 2123/119/19 7:30:0, Active
43999, 1808355704, 2123/119/19 7:30:0, Active
44999, 1808355704, 2123/119/19 7:30:0, Active
45999, 1808355704, 2123/119/19 7:30:0, Active
46999, 1808355704, 2123/119/19 7:30:0, Active
48000, 1808355704, 2123/119/19 7:30:0, Active
48999, 1808355704, 2123/119/19 7:30:0, Active
49999, 1808355704, 2123/119/19 7:30:0, Active
50998, 1808355704, 2123/119/19 7:30:0, Active
51999, 1808355704, 2123/119/19 7:30:0, Active
52999, 1808355704, 2123/119/19 7:30:0, Active
53999, 1808355704, 2123/119/19 7:30:0, Active
54999, 1808355704, 2123/119/19 7:30:0, Active
55999, 1808355704, 2123/119/19 7:30:0, Active
56999, 1808355704, 2123/119/19 7:30:0, Active
57999, 1808355704, 2123/119/19 7:30:0, Active
58999, 1808355704, 2123/119/19 7:30:0, Active
59999, 1808355704, 2123/119/19 7:30:0, Active
60999, 1808355704, 2123/119/19 7:30:0, Active
61999, 1808355704, 2123/119/19 7:30:0, Active
62999, 1808355704, 2123/119/19 7:30:0, Active
64000, 1808355704, 2123/119/19 7:30:0, Inactive
64999, 1808355704, 2123/119/19 7:30:0, Inactive
65999, 1808355704, 2123/119/19 7:30:0, Inactive
66999, 1808355704, 2123/119/19 7:30:0, Inactive
67999, 1808355704, 2123/119/19 7:30:0, Inactive
68999, 1808355704, 2123/119/19 7:30:0, Active
69999, 1808355704, 2123/119/19 7:30:0, Active
71000, 1808355704, 2123/119/19 7:30:0, Active
71999, 1808355704, 2123/119/19 7:30:0, Active
72999, 1808355704, 2123/119/19 7:30:0, Active
73999, 1808355704, 2123/119/19 7:30:0, Active
74999, 1808355704, 2123/119/19 7:30:0, Active
75999, 1808355704, 2123/119/19 7:30:0, Active
76999, 1808355704, 2123/119/19 7:30:0, Active
78000, 1808355704, 2123/119/19 7:30:0, Active
78999, 1808355704, 2123/119/19 7:30:0, Active
80000, 1808355704, 2123/119/19 7:30:0, Active
80999, 1808355704, 2123/119/19 7:30:0, Active
81999, 1808355704, 2123/119/19 7:30:0, Inactive
82999, 1808355704, 2123/119/19 7:30:0, Inactive
83999, 1808355704, 2123/119/19 7:30:0, Active
85000, 1808355704, 2123/119/19 7:30:0, Active
85999, 1808355704, 2123/119/19 7:30:0, Active
